Block Id,BlockType,TextType,Confidence,Top,Left,Polygon Points,Text
[f50be248-8606-4772-92d0-daa0250395b0],WORD,PRINTED,64.327,0.00000,0.33247,4,[ABBOTSKERSWELL]
[1f275842-c5a6-4908-8521-9103b9973dc3],WORD,PRINTED,70.015,0.02187,0.66553,4,[90]
[c7bba5e8-54ea-4427-80ab-23524e0721a0],WORD,PRINTED,57.259,0.04479,0.21173,4,[REGI]
[1438fa05-6b72-4adb-92cf-b18ed55dda5f],WORD,PRINTED,98.492,0.04496,0.30997,4,[COURT]
[f2eac697-6821-4a52-887a-1142dcdbb0f3],WORD,PRINTED,99.900,0.03181,0.44914,4,[GRANGE]
[a38dfe00-3c4b-4a4b-9de5-551f88be3596],WORD,PRINTED,98.705,0.04664,0.70659,4,[by]
[6190dea4-c382-4fe2-8234-7995a42068f3],WORD,PRINTED,92.313,0.05908,0.15701,4,[Court]
[0a0ff17c-5067-4e94-a02c-a9e3c7f053ee],WORD,PRINTED,92.034,0.06220,0.67010,4,[5m]
[f077a41f-c9ec-45b5-bfa4-a845dc3bf275],WORD,PRINTED,95.501,0.07371,0.05002,4,[Kept]
[5f7065bc-378f-45c9-9c7b-4c2e6c9b584e],WORD,PRINTED,98.539,0.07440,0.09784,4,[at]
[a75f8c49-8176-482a-83c8-42ab30a11802],WORD,PRINTED,87.467,0.09643,0.04729,4,[Latitude]
[96a18394-2a19-4392-bd39-b7b182319e2a],WORD,PRINTED,99.167,0.07200,0.31182,4,[DEVONSHIRE]
[f224c482-e9ff-4239-b983-c046d78eb7a6],WORD,PRINTED,88.659,0.08505,0.68146,4,[above]
[77e0ea28-36bb-41ba-b407-0e388ae40ed0],WORD,PRINTED,99.004,0.08225,0.72394,4,[Ground]
[df5b20fc-47cd-4076-8f43-c51e6ab0255b],WORD,PRINTED,51.134,0.10061,0.77919,4,[Ses]
[1e84af11-ca52-45fb-9083-62734f5a40e1],WORD,PRINTED,99.253,0.09951,0.81008,4,[Level]
[81a31576-0b80-4bb9-8340-d89a5c24c89a],WORD,PRINTED,83.173,0.10979,0.68220,4,[-]
[4221a72b-ab79-4d51-a804-90793269595f],WORD,PRINTED,49.765,0.10719,0.74419,4,"[""]"
[dd768f55-1740-4188-a240-83a29e8e766a],WORD,PRINTED,63.894,0.13060,0.04848,4,[Longitude]
[8c14eeff-ee02-4f4c-9c9d-dc241c214b01],WORD,PRINTED,84.813,0.12338,0.66964,4,[expecting]
[74cb702d-f9b0-4df5-bf5d-a7ad2790790a],WORD,PRINTED,95.132,0.12117,0.73131,4,[the]
[9b4eccbe-b70f-4f18-8114-993788c74d15],WORD,PRINTED,30.479,0.11964,0.75507,4,[Systronetic]
[bdfc3eb4-ccf2-46c8-bf18-434f4fb61cdf],WORD,PRINTED,71.566,0.11708,0.82780,4,[Observation]
[f49a1786-9c29-42ac-86d6-d8d08195a4bd],WORD,PRINTED,98.323,0.11729,0.90459,4,[and]
[e91c7ea2-4616-4863-be2e-5ac7c590ef2f],WORD,PRINTED,99.754,0.12728,0.40949,4,[1890]
[240256cb-a3f1-4aa0-8652-157320d0b6da],WORD,PRINTED,16.387,0.13350,0.67269,4,"[5%,62,]"
[03da9359-9111-4e01-808f-154fdca10e7f],WORD,PRINTED,97.585,0.13138,0.72088,4,[Camden]
[f10dfb80-2e34-4249-a22d-4cc7e859aff2],WORD,PRINTED,76.641,0.12972,0.77722,4,"[Square,]"
[9cc1f385-f003-4bf4-969c-cd1c3fcaecba],WORD,PRINTED,66.198,0.12649,0.83162,4,"[London,]"
[af5775f7-fcdd-4fc8-b0d4-b519709d03ca],WORD,PRINTED,98.481,0.12557,0.88999,4,[N.W.]
[ea84f6cb-5541-474f-8e8f-c4a656f1fed6],WORD,PRINTED,50.776,0.14958,0.08515,4,[Note]
[06d7f070-adba-4448-95a7-695262ae1e5f],WORD,PRINTED,96.584,0.14835,0.13848,4,[Full]
[03f6ebc1-aae8-4029-a2ea-02e2aa6cb8f8],WORD,PRINTED,62.362,0.14603,0.16877,4,[instructions]
[5d45d75e-4da5-40cd-809a-62ad406c4dfe],WORD,PRINTED,53.396,0.14576,0.24834,4,[resp]
[f9f24744-96b9-4d1b-9a81-d0505f8f486a],WORD,PRINTED,48.346,0.14402,0.64477,4,[-]
[156bdc88-789b-4667-94a2-a2f225bd2bf4],WORD,PRINTED,65.284,0.16090,0.04642,4,[Record]
[e7220e5d-9d5b-4fe8-b876-57ee623bf323],WORD,PRINTED,99.198,0.16092,0.09186,4,[of]
[69b858bb-2c3a-44b8-ba0e-23b3693e75ec],WORD,PRINTED,99.694,0.16035,0.10908,4,[the]
[56036991-6562-4bfa-8deb-8a4968cdd59b],WORD,PRINTED,83.692,0.15825,0.13242,4,[Rainfall]
[83e8f841-7770-4f19-a11f-b9cb9f0784a3],WORD,PRINTED,95.266,0.15722,0.18719,4,[of]
[43538fc6-1289-465a-9512-f3e94b884bec],WORD,PRINTED,73.619,0.15658,0.20437,4,[the]
[0a30976c-a4b0-4b34-8193-429793e123d6],WORD,PRINTED,68.545,0.15505,0.22692,4,[British]
[51d2b43f-b6d9-4a68-b8db-3fe1dba6adfa],WORD,PRINTED,87.406,0.15761,0.71617,4,[Oct.]
[b897602f-26e3-4565-863e-0867d049a4ed],WORD,PRINTED,70.125,0.15414,0.78493,4,[Nov.]
[51319a16-60c4-4757-ac9a-d94f100a3d50],WORD,PRINTED,89.158,0.15094,0.85400,4,[Dec.]
[bcc0c500-5d99-4761-9a09-2bb2f5b7bc97],WORD,PRINTED,65.149,0.14911,0.91603,4,[Date]
[475e8773-ca33-48ec-ad0e-657f098d4947],WORD,PRINTED,92.426,0.17217,0.37857,4,[May.]
[8cf21d64-f436-4878-bc47-47ff5a8efddc],WORD,PRINTED,39.626,0.16912,0.44545,4,[June.]
[4c975614-0641-488a-a1e6-0ef622003492],WORD,PRINTED,92.016,0.16638,0.51125,4,[July.]
[26d2af42-e2cd-43d4-be80-f9a5604b8a74],WORD,PRINTED,79.120,0.16411,0.58438,4,[Aug.]
[849e631b-e65a-4b19-bfb9-6094c5f69ad1],WORD,PRINTED,96.920,0.16130,0.64734,4,[Sept.]
[e9c7f89b-3100-4f00-80d6-145f18ce9a23],WORD,PRINTED,63.565,0.18028,0.18700,4,[Feb.]
[977ad377-b06c-4cc2-b0ee-f0cc5f896f38],WORD,PRINTED,62.454,0.17782,0.24063,4,[March]
[7dca1bbb-af23-4b2b-9e76-d6ae6451d0d0],WORD,PRINTED,67.083,0.17526,0.31170,4,[April.]
[f233ceb7-ff52-4159-98de-adc0ad1ac07a],WORD,PRINTED,94.979,0.18563,0.04454,4,[Date]
[ec6a6b60-7837-4112-9eb6-8394554e9beb],WORD,PRINTED,82.129,0.18360,0.11485,4,[Jan.]
[18d4d4fd-4176-4108-afd4-a4353b7efb9d],WORD,PRINTED,69.702,0.18585,0.51978,4,[=]
[0c17eb5d-40bb-4d49-b857-aab80a35053f],WORD,HANDWRITING,50.456,0.19697,0.25647,4,[is]
[9da3d506-e03b-4eaf-aa8d-6e1abd669d5d],WORD,HANDWRITING,99.598,0.19338,0.44413,4,[0.00]
[960cc7fc-cb12-43a2-9004-4580b81310d9],WORD,PRINTED,74.700,0.19496,0.51058,4,[0.29]
[ef20c76e-af6a-4087-b0c8-82f86456584f],WORD,PRINTED,64.824,0.19131,0.57612,4,[0.23]
[128c4ea8-5885-4194-b379-918b23c195e4],WORD,PRINTED,99.757,0.18740,0.64793,4,[0.00]
[06ddd69a-a15c-49b2-98d3-98cd43866510],WORD,HANDWRITING,53.805,0.17919,0.71521,4,[in]
[310de991-7a45-4087-9391-5cdc0e6c23bd],WORD,PRINTED,85.569,0.17834,0.78001,4,[0.20]
[a3dee5bd-ffaf-4971-992c-002d93b29c07],WORD,HANDWRITING,99.161,0.17990,0.84655,4,[0.00]
[d5c3c329-b3ed-470c-9c69-60a3065dba2f],WORD,PRINTED,97.973,0.18124,0.92814,4,[1]
[52428388-7c6a-4f0c-8daf-fe03d6dbbfa7],WORD,PRINTED,70.862,0.20219,0.12375,4,[-]
[d2da1601-5c40-4e69-8060-60475bd02343],WORD,PRINTED,49.262,0.19836,0.19085,4,[.]
[376e7a71-cd42-4c58-8d7e-5777b1335bc8],WORD,PRINTED,97.918,0.21756,0.06393,4,[1]
[08b29230-418e-4e54-ac70-584f557b1c51],WORD,HANDWRITING,94.280,0.20938,0.11107,4,[0.0]
[171b090a-7ca8-431c-a5eb-fc6702d3cb06],WORD,HANDWRITING,99.699,0.20841,0.17635,4,[0.00]
[a173a3f7-60c1-4b0d-8d4d-1bb540925e8b],WORD,HANDWRITING,97.656,0.20325,0.24108,4,[0.00]
[6bc03244-dcaf-4f30-b96f-8e06d214d61e],WORD,HANDWRITING,62.440,0.19773,0.31070,4,[0.000.00]
[3fdade15-fd66-4278-a6b4-d3bf56b94003],WORD,HANDWRITING,95.034,0.22574,0.23910,4,[0.5]
[9fcce56d-c4a4-4dea-bee2-50443f5471d5],WORD,HANDWRITING,99.754,0.21930,0.44065,4,[0.00]
[3a281950-5c22-4887-8932-a19640c2dc64],WORD,HANDWRITING,85.310,0.21324,0.57401,4,[0.5]
[3e70cd16-a965-4d54-abd0-9b88515fd257],WORD,HANDWRITING,71.702,0.21040,0.64350,4,[0.3]
[50539a48-8426-46e8-a958-c4d8efdce3e1],WORD,HANDWRITING,98.892,0.20949,0.70899,4,[0.00]
[77bddf0a-db59-4d88-8e55-0dddf70fc35d],WORD,HANDWRITING,96.817,0.20582,0.77888,4,[0.20]
[7b6391e0-f54d-4516-b6bc-80deb27896b7],WORD,HANDWRITING,84.739,0.20131,0.84801,4,[0.36]
[8f8d8ac3-25d9-4349-82e4-9a0e96a96bc4],WORD,HANDWRITING,98.890,0.20526,0.92885,4,[2]
[8c09f6be-9890-469b-8bfb-fb90fd18cc8e],WORD,HANDWRITING,80.156,0.21772,0.50573,4,[0.2]
[c74e6866-3b55-48ee-8dfb-aa98ee5b90a8],WORD,HANDWRITING,99.217,0.23364,0.10867,4,[0.0]
[57c48331-2036-4691-a0a5-b8f1e3a8334b],WORD,HANDWRITING,99.175,0.22979,0.17705,4,[0.00]
[778ddd91-240e-49c7-9b96-9a18b3562a07],WORD,HANDWRITING,87.940,0.24043,0.50651,4,[0.00]
[58ba70d5-5e34-4c51-bf01-a9e31191b51d],WORD,PRINTED,99.298,0.23852,0.57481,4,[0.00]
[a783b8c8-9aa7-4dfd-aaab-9cb1709b3f61],WORD,HANDWRITING,99.882,0.23319,0.71268,4,[0.00]
[86612fe3-c9a3-4189-a5f0-c25e8298f51f],WORD,HANDWRITING,93.856,0.22914,0.78201,4,[0.7]
[d7b0ae1c-9cc5-42a1-a865-8351b8eb0043],WORD,HANDWRITING,59.846,0.22741,0.85118,4,[1.00]
[856c6c2e-ac58-41f0-9f57-84f7a7c51c1b],WORD,HANDWRITING,98.542,0.22794,0.92973,4,[3]
[656b8d17-ca5b-4698-97a7-15c53d1b369f],WORD,PRINTED,72.981,0.24000,0.06183,4,[#]
[45329117-369f-42bf-9395-14c8d5055408],WORD,HANDWRITING,93.289,0.25446,0.10851,4,[0.0]
[ff78971b-4a94-441b-85c1-44d956b32c80],WORD,HANDWRITING,99.885,0.25021,0.24368,4,[0.00]
[b48a1a92-48f4-4dcd-8baa-c6d25f3b92b2],WORD,HANDWRITING,86.477,0.24298,0.44010,4,[0.00]
[7be34c6f-e73b-45e6-8116-909c28bc859f],WORD,HANDWRITING,69.884,0.23658,0.64389,4,[0.00]
[4e116a3d-5a2f-4bc9-b162-77d6739f60da],WORD,HANDWRITING,99.809,0.25204,0.17682,4,[0.00]
[44217e47-90c2-42df-8ae8-ffa8b5e6f032],WORD,HANDWRITING,22.286,0.24603,0.30808,4,[0.000.00]
[a9aaaf1d-3026-4ff7-afb0-10882decfb17],WORD,PRINTED,63.540,0.26152,0.06161,4,[3]
[23e7c9ba-9334-4507-8789-c51cb5106fbc],WORD,HANDWRITING,89.234,0.26321,0.43942,4,[0.11]
[fca745ea-81a0-4f9e-ae76-04d42acf0dc3],WORD,HANDWRITING,97.387,0.26097,0.50566,4,[0.00]
[044eda84-1e74-416c-81cc-5c4004ea608a],WORD,HANDWRITING,76.864,0.25896,0.57221,4,[0.00]
[e17c6ed7-06f6-4bcb-acc4-fc68213df836],WORD,PRINTED,93.991,0.25728,0.64253,4,[0.00]
[882e90b0-c487-41d4-b391-a46f73d5a328],WORD,HANDWRITING,99.919,0.25478,0.71189,4,[0.00]
[5107a058-4519-4e21-9114-e1203dc609fc],WORD,HANDWRITING,83.434,0.25056,0.78072,4,[0.50]
[769e4939-63a8-4d2f-ba0f-4be68feda8c9],WORD,PRINTED,99.645,0.24974,0.84727,4,[0.00]
[0f559f36-8028-4b1c-8ea5-82e0d41d4619],WORD,PRINTED,71.506,0.25085,0.93118,4,[4]
[4b96196f-b2f3-41ad-99f7-08584feb8048],WORD,HANDWRITING,99.661,0.27320,0.17711,4,[0.00]
[f09a4ebe-ac7d-4c84-90c9-06b2d10a3c52],WORD,HANDWRITING,99.738,0.26912,0.23933,4,[0.00]
[5699a8d9-00b9-4dbf-af7c-f276fe545382],WORD,HANDWRITING,59.018,0.26612,0.30678,4,[0.000.32]
[a964d269-320e-44c7-80e7-fe7b7f0b3aae],WORD,PRINTED,99.171,0.27165,0.84605,4,[0.00]
[7d6f8005-ddd1-4cd2-b541-2f7406af5b21],WORD,PRINTED,68.605,0.27187,0.93132,4,[s]
[6e1a9582-603d-447d-952c-b6635df81a31],WORD,PRINTED,84.525,0.28242,0.06171,4,[4]
[3fd1d237-c480-45a7-baea-1a4db141a3d2],WORD,HANDWRITING,99.052,0.27550,0.10946,4,[0.0]
[7b5adf31-bf38-44c7-b19c-ccfef2cde7d7],WORD,HANDWRITING,98.546,0.29383,0.17160,4,[0.00]
[c9a101f3-e7ab-48c0-b47c-1b7c9899b307],WORD,HANDWRITING,96.539,0.29037,0.23885,4,[0.2]
[135b87ed-1a2a-4393-bb26-35ed1a0bebea],WORD,HANDWRITING,93.261,0.28951,0.30375,4,[0.00]
[a826861b-8fac-42b9-89d0-3081e5155335],WORD,PRINTED,93.934,0.28871,0.37047,4,[0.29]
[29a11aad-ed80-4eed-825e-6012d4154132],WORD,HANDWRITING,56.368,0.28478,0.43905,4,[0.7]
[5a1a1fe5-d34a-4c98-afcd-db1aa8b03902],WORD,HANDWRITING,97.995,0.28317,0.50736,4,[0.26]
[0b56f88e-41d5-432f-a502-acb1c0bcb5a2],WORD,PRINTED,93.966,0.28086,0.57383,4,[0.00]
[268d073d-26b7-40a2-b022-988ffa0dd213],WORD,HANDWRITING,90.364,0.27913,0.64204,4,[0.00]
[1e27ce07-4c0d-4a69-9a8a-917cda2ed2c2],WORD,HANDWRITING,99.042,0.27690,0.70962,4,[0.00]
[019a0c2e-1b5a-4f21-997d-6111515a6b41],WORD,PRINTED,86.107,0.27366,0.78122,4,[0.10]
[594527f0-2548-4f6f-9816-bd7a69602333],WORD,PRINTED,59.416,0.30220,0.05952,4,[5]
[310b9bb4-f532-4a40-a756-0f624982fc88],WORD,HANDWRITING,91.040,0.29764,0.10913,4,[0.71]
[e26a4537-e0b1-4c9f-8ebf-0d3cce24b091],WORD,PRINTED,99.673,0.30809,0.43974,4,[0.11]
[f675cf27-2c29-4a82-aa74-f2d2f4dedf32],WORD,HANDWRITING,99.822,0.30717,0.50349,4,[0.00]
[01b09106-7e47-4004-8952-89a7fad79f1f],WORD,PRINTED,98.035,0.30377,0.57219,4,[0.00]
[01429efa-45d0-48d8-90ad-a266ced5e1c5],WORD,HANDWRITING,96.639,0.30133,0.64133,4,[0.00]
[2010deb7-da17-4a1b-a643-4ad84d044aee],WORD,HANDWRITING,99.543,0.30039,0.70929,4,[0.00]
[ba637aed-7421-4bbc-a26e-d94fd4bb8533],WORD,PRINTED,95.781,0.29867,0.78091,4,[0.00]
[1da34573-57ce-44b9-83fc-7fe17909f112],WORD,HANDWRITING,82.524,0.29532,0.84658,4,[1.32]
[4f3758c3-9402-4560-83be-202335cbc5a5],WORD,PRINTED,94.729,0.29655,0.93267,4,[6]
[2741dee2-df83-4578-bebb-9e42fc7085d3],WORD,HANDWRITING,99.699,0.31849,0.10531,4,[0.10]
[5f4b2c22-a055-4e4a-bc1c-77bf26c1ec33],WORD,HANDWRITING,98.943,0.31572,0.17170,4,[0.00]
[478addc4-922f-4566-b9e6-64bbd1a7f424],WORD,HANDWRITING,72.915,0.31252,0.23802,4,[0.000.00]
[f6ec3110-bc4d-4394-a7c3-0abd9a5338ae],WORD,HANDWRITING,95.855,0.31204,0.37361,4,[0.2]
[5c79f135-e658-4bc6-b856-ed8769d17eaf],WORD,PRINTED,38.602,0.32513,0.05819,4,[6]
[647acded-73a2-4ae6-a391-a9fcb5469e31],WORD,HANDWRITING,99.422,0.34157,0.09963,4,[0.10]
[45d3f4c6-28ef-4944-ba38-99ea9750d6f8],WORD,PRINTED,99.287,0.33766,0.16949,4,[0.00]
[39baf936-34de-4306-b752-34725ff80656],WORD,HANDWRITING,95.078,0.33616,0.23464,4,[0.00]
[4b72bcbd-d144-4942-9e8e-4cdd7e210ec4],WORD,HANDWRITING,96.990,0.33417,0.30389,4,[020]
[2da6a1aa-d01a-4f70-b711-0a896d38fbf3],WORD,PRINTED,98.821,0.33048,0.43941,4,[0.00]
[6631cde2-812a-4d54-b662-c7ddaf121520],WORD,HANDWRITING,99.859,0.32767,0.50144,4,[0.00]
[f39736f0-b4d4-418f-8b08-b6a391bca1ff],WORD,HANDWRITING,99.621,0.32522,0.57165,4,[0.00]
[98115989-7dfc-4d69-abad-da4596575ebc],WORD,HANDWRITING,99.817,0.32287,0.64014,4,[0.00]
[ec78c045-80b1-4280-916a-2e2047a0969a],WORD,PRINTED,99.885,0.32298,0.71428,4,[0.00]
[90402ff1-e5fb-4172-a152-6eeb4177c181],WORD,PRINTED,38.637,0.31682,0.77801,4,[0.490.39]
[697a3f90-88c2-4d67-8a21-63bd7297746e],WORD,PRINTED,94.640,0.31821,0.93275,4,[7]
[eecc50ba-611c-4f48-9256-3f267ca74249],WORD,HANDWRITING,99.554,0.33369,0.36959,4,[0.10]
[20eec64f-9df2-45f3-89e9-872cdb65111e],WORD,PRINTED,91.178,0.34608,0.05713,4,[:]
[15cf4b8e-52f6-4b36-bf76-9b7de5c3282d],WORD,HANDWRITING,87.982,0.35044,0.50549,4,[0.58]
[a2f0fd38-d8e0-4ed0-9229-ecc18a558fc2],WORD,PRINTED,97.839,0.34984,0.57395,4,[0.00]
[878e1fa8-9805-49fb-b5da-7a761ee24c6d],WORD,HANDWRITING,98.779,0.34690,0.63977,4,[0.00]
[bca7c2f3-dd62-47fa-94d7-bdef0c73523a],WORD,HANDWRITING,99.453,0.34565,0.71414,4,[0.00]
[ca5a101c-b71f-40e6-8d48-cca91de67193],WORD,HANDWRITING,94.408,0.34371,0.77922,4,[0.2]
[2c335798-0063-40e7-bd64-2d9dd89d763d],WORD,HANDWRITING,50.492,0.34297,0.84986,4,[0.00]
[d5b193f7-8ca4-4483-ace8-aa1625be1d10],WORD,PRINTED,97.975,0.34332,0.93412,4,[8]
[95334dd0-7ee7-4d56-9ad7-8efde50365ad],WORD,HANDWRITING,95.403,0.36197,0.10141,4,[0.00]
[f56f73c5-9ed5-4cec-b380-04c31ec77da9],WORD,HANDWRITING,96.785,0.35859,0.16660,4,[0.00]
[6226f136-5763-4405-b6be-a06d324b299c],WORD,HANDWRITING,92.510,0.35652,0.23278,4,[0.8]
[e6f0b981-3cb7-4bb4-a05b-03c5e2e7d9f2],WORD,HANDWRITING,96.433,0.35711,0.30256,4,[0.00]
[e53407ec-0f8f-46fd-9ae3-3c866c9f7f56],WORD,HANDWRITING,99.579,0.35540,0.36829,4,[0.00]
[77187441-ddb4-4b7f-9d95-3743ad967901],WORD,PRINTED,87.059,0.35233,0.43647,4,[0.00]
[753625dc-16a7-4d93-8958-cc4b6d0371a8],WORD,PRINTED,96.967,0.36862,0.05563,4,[8]
[033ec89c-12b3-4bd1-ba2a-ab7709872caf],WORD,HANDWRITING,72.827,0.38177,0.10172,4,[0.210.00]
[fbc96fce-fd86-45d2-bc6e-b43a3ac1f54f],WORD,HANDWRITING,98.985,0.38017,0.23204,4,[0.13]
[b0934eff-a9b6-413a-99ee-e327bcf43f0e],WORD,HANDWRITING,87.433,0.37685,0.30159,4,[0.5]
[2404cd45-166e-4024-a23b-93034c3d01bd],WORD,HANDWRITING,99.534,0.37770,0.36668,4,[0.00]
[c4258ba9-b21b-4c30-90e5-0c240e6b0a2f],WORD,HANDWRITING,97.742,0.37473,0.43584,4,[0.12]
[d4fed327-b25c-4a54-8a8c-40fdd7952ff1],WORD,HANDWRITING,92.461,0.37359,0.50399,4,[0.2]
[24ef0917-fcef-4c16-abe2-68b578732900],WORD,HANDWRITING,99.165,0.37300,0.57117,4,[0.00]
[f6a37806-6d7c-4ee7-9da1-82e13596f849],WORD,HANDWRITING,99.060,0.37009,0.63990,4,[0.00]
[fb581d49-b02f-4915-94dc-397312fe3e9d],WORD,HANDWRITING,99.694,0.36892,0.71278,4,[0.00]
[d2545cb8-799c-420c-85ff-f2299c897c54],WORD,HANDWRITING,97.171,0.36676,0.77994,4,[0.29]
[6b47e27e-3a15-447f-bbd4-8d0d389b3438],WORD,HANDWRITING,98.481,0.36579,0.84899,4,[0.00]
[8a833a16-fc40-4782-97ef-9d455fde854a],WORD,PRINTED,92.453,0.36728,0.93475,4,[9]
[d5a90300-8d80-4b8d-9a6d-e2fa8d728c8c],WORD,PRINTED,40.325,0.39106,0.05259,4,[P]
[a164571a-3391-4ff1-99a0-338d810b5f4b],WORD,PRINTED,97.091,0.41161,0.04376,4,[10]
[fb3a4201-59cd-472d-8dcb-97fec1e7681c],WORD,HANDWRITING,84.187,0.40370,0.09657,4,[0.470.2]
[5f3b553a-5b03-4c69-870f-e5233eec5a43],WORD,HANDWRITING,64.798,0.40186,0.23210,4,[0.3]
[696d258f-7de9-42a4-8ec9-3742af699548],WORD,HANDWRITING,72.969,0.39960,0.30076,4,[10.000.00]
[e822c13a-e4ae-4676-b79f-a8eebfe0cfeb],WORD,HANDWRITING,99.819,0.39771,0.43487,4,[0.00]
[7327404a-9ca0-4813-91da-fc2856995720],WORD,HANDWRITING,99.080,0.39769,0.50304,4,[1.00]
[012b7dca-287e-4f3e-8f4a-73ba887411cc],WORD,HANDWRITING,97.267,0.39252,0.56880,4,[1.09]
[956eca3c-5c15-490b-a03d-6cde4cb00175],WORD,HANDWRITING,99.813,0.39280,0.64172,4,[0.00]
[bb0f80a9-44cb-489f-8239-70bcbb997820],WORD,HANDWRITING,57.248,0.39022,0.71243,4,[0.000.00]
[94f7b505-5c04-434e-b6d3-b6b60ad10356],WORD,HANDWRITING,98.822,0.38957,0.84748,4,[0.00]
[6dcf7440-b31a-4e8d-baf9-6390bff8fd2e],WORD,PRINTED,99.806,0.38950,0.92826,4,[10]
[809c5f3b-76d3-4afc-b194-39fc1006b04c],WORD,HANDWRITING,97.851,0.42918,0.09287,4,[0.00]
[6d5dded5-6f93-41de-909f-89115d06941d],WORD,HANDWRITING,98.889,0.42693,0.16245,4,[0.00]
[a79c109f-96ba-4a22-8b90-f4f3d6fb85d2],WORD,HANDWRITING,98.251,0.42519,0.23052,4,[0.00]
[cc50d3c6-e9e8-4551-aacd-49e3a2237020],WORD,HANDWRITING,96.590,0.42279,0.29859,4,[0.14]
[6b1ecf6a-ee1f-4902-b85f-1394bfa8c1d6],WORD,HANDWRITING,96.380,0.42166,0.36450,4,[0.14]
[7abc6c9a-51b2-4426-831e-bd2225376883],WORD,HANDWRITING,99.798,0.41977,0.43580,4,[0.20]
[25ed2f20-ac48-4b40-8e19-1e0affb175fe],WORD,HANDWRITING,99.060,0.42009,0.50166,4,[0.00]
[465b9b8d-3c32-4332-b7d2-6706ba881e78],WORD,HANDWRITING,96.502,0.41698,0.56878,4,[0.11]
[249ae983-9467-4352-83b4-8f0a7b5295f7],WORD,HANDWRITING,98.458,0.41624,0.64111,4,[0.00]
[1f282f83-499c-4d3f-b305-5e25dda4d8a2],WORD,HANDWRITING,94.511,0.41415,0.71263,4,[0.00]
[bec036af-e143-4c70-9880-6d5f64248804],WORD,HANDWRITING,97.538,0.41236,0.78235,4,[0.50]
[3001a0ad-096e-4457-93d9-300d4b7c9c22],WORD,HANDWRITING,96.110,0.41173,0.84661,4,[0.00]
[330d3b14-82cf-422f-b90e-702bfbef08e6],WORD,PRINTED,99.818,0.41156,0.92839,4,[11]
[f80c751e-af55-408c-8ebb-a22c6e7390f3],WORD,PRINTED,97.613,0.43234,0.04149,4,[11]
[85bd10f2-4a2d-416f-9079-1b685bc1bf0c],WORD,HANDWRITING,99.393,0.44979,0.09200,4,[0.00]
[2b084ebf-0680-45fc-9c13-564f89c6bf32],WORD,PRINTED,99.154,0.44911,0.16385,4,[0.00]
[39e9fde7-6b96-40c5-90ed-8be11c6f76d3],WORD,HANDWRITING,97.817,0.44814,0.22694,4,[0.00]
[fa1f697a-e1a4-49e6-aa30-aa80af3eb24e],WORD,HANDWRITING,89.990,0.44394,0.43262,4,[0.41]
[b2c95629-af9f-4804-9de7-434adc544eda],WORD,HANDWRITING,93.397,0.43941,0.57278,4,[0.7]
[b534db2a-ea2d-4e44-84bd-03bece7600e1],WORD,HANDWRITING,99.579,0.43954,0.64049,4,[0.00]
[48d1d557-73d7-42dc-965e-b2877985d5e6],WORD,HANDWRITING,97.441,0.43674,0.71286,4,[0.00]
[a98311cd-057a-42c0-aaca-0c24451b88d7],WORD,HANDWRITING,84.987,0.43536,0.78091,4,[0.3]
[d29d1c31-1577-4085-9616-93ed42e7ba67],WORD,HANDWRITING,98.443,0.43512,0.84913,4,[0.00]
[ef7bafa5-bf36-4dfa-80fb-11014309d694],WORD,PRINTED,98.497,0.43755,0.92822,4,[12]
[215a4c71-cf95-4775-8514-c12c0021d965],WORD,PRINTED,69.728,0.45568,0.03961,4,[19]
[088670ae-3b5b-483b-bb23-89244f6193b3],WORD,HANDWRITING,91.661,0.47077,0.16027,4,[0.00]
[80c2fbd4-c02a-43a0-b7ec-27ef53d92078],WORD,HANDWRITING,90.601,0.47043,0.22678,4,[0.00]
[e773076b-ebb6-4c84-9944-b71768b4bfec],WORD,HANDWRITING,86.205,0.46844,0.29934,4,[0.000.05]
[511aae69-74ed-4d69-ba65-1568d503977a],WORD,HANDWRITING,99.601,0.46702,0.43584,4,[0.00]
[c3767e20-f1b9-4ffc-bd57-f3bbf3d85a72],WORD,HANDWRITING,99.905,0.46655,0.50217,4,[0.00]
[6b38d5c0-1448-4968-8fdd-c16b597b4dc6],WORD,HANDWRITING,97.553,0.46608,0.57210,4,[0.00]
[7d0d7257-f6fe-4ade-b993-e1f3a4703328],WORD,HANDWRITING,99.791,0.46393,0.64123,4,[0.00]
[6db66b97-9368-4a2d-94ab-5c3a796d7261],WORD,HANDWRITING,97.845,0.46198,0.71367,4,[0.00]
[74a150b9-4d83-4b0e-8334-0bf24a06381f],WORD,HANDWRITING,95.313,0.46110,0.78081,4,[0.22]
[33e94cde-78a8-4a72-84cf-4260d8c0d03e],WORD,HANDWRITING,99.720,0.45960,0.84937,4,[0.00]
[78809b4a-59a0-4689-9148-09f2fcaf2bcf],WORD,PRINTED,99.427,0.46064,0.92869,4,[13]
[ddd87e62-876e-4cef-9572-d268b3d4575d],WORD,PRINTED,99.738,0.47722,0.03824,4,[13]
[ce793d22-6199-4436-8151-7022cd54a7ae],WORD,HANDWRITING,99.223,0.47200,0.09137,4,[0.00]
[593398be-3705-46d7-87ab-adff2b49d0e0],WORD,PRINTED,99.547,0.50027,0.03747,4,[14]
[cc540eaf-a2c2-423e-8550-9b680e6c2052],WORD,HANDWRITING,99.437,0.49436,0.08953,4,[0.5]
[a552fd13-9530-4dc8-86f1-5aaaad54a357],WORD,HANDWRITING,99.055,0.49392,0.15873,4,[0.11]
[10a9d00e-d577-4a7c-871f-078d72380e70],WORD,HANDWRITING,90.158,0.49234,0.22769,4,[0.00]
[a64f0776-f71b-4ac7-9b48-84f47a20484b],WORD,HANDWRITING,99.129,0.48977,0.43624,4,[0.00]
[64665641-1788-43a8-aac3-78cee9969a68],WORD,HANDWRITING,97.636,0.48956,0.50175,4,[0.11]
[2c7d9a2e-7e18-4490-a78a-02183d471001],WORD,HANDWRITING,99.718,0.48896,0.57219,4,[0.00]
[0a506d92-07f8-47b0-9c51-eea9cc05ec09],WORD,HANDWRITING,99.696,0.48727,0.64009,4,[0.00]
[7144c74a-6395-497a-8a5c-35b405c0eaf2],WORD,HANDWRITING,89.687,0.48433,0.71300,4,[0.000.2]
[df5ebe81-748c-43b2-bbc6-c1a0d6842974],WORD,HANDWRITING,96.713,0.48230,0.84704,4,[0.00]
[bfa800b3-73a6-496a-a6db-5c5e900cb03e],WORD,PRINTED,99.062,0.48618,0.92829,4,[14]
[4656c997-fb11-4bfa-ad1f-893906702eb0],WORD,PRINTED,69.118,0.52266,0.03725,4,[15]
[c3b7a360-787d-415f-b162-7dfefd299399],WORD,HANDWRITING,97.297,0.51676,0.08982,4,[0.4]
[5953123b-233c-4163-adee-e4e0cdf4f5a6],WORD,HANDWRITING,99.486,0.51504,0.15850,4,[0.16]
[b0184223-2f17-48de-b0d5-4098199377b3],WORD,HANDWRITING,80.300,0.51338,0.22776,4,[0.000.17]
[2543fd01-0222-40ef-9870-2dc182c8be2d],WORD,HANDWRITING,97.443,0.51579,0.36569,4,[0.00]
[05ab7d06-e7ff-4277-9210-94e80f62737d],WORD,HANDWRITING,99.325,0.51315,0.43342,4,[0.00]
[149e70af-ec34-4ecb-9178-60fc5fdd32d9],WORD,HANDWRITING,92.029,0.51175,0.50345,4,[0.290.21]
[401beb28-9a91-44a3-867c-82511b198eab],WORD,HANDWRITING,98.850,0.51101,0.64131,4,[0.00]
[25aec964-cf20-44c1-a9bf-528b5cd14b6e],WORD,HANDWRITING,72.778,0.51069,0.71053,4,[D.]
[ea84b8bf-b12b-442c-8ab5-92e79ea0b866],WORD,HANDWRITING,93.168,0.50948,0.73757,4,[00]
[001f16c0-3497-4d45-b4bf-fb726dfcd0f5],WORD,HANDWRITING,99.165,0.50767,0.78186,4,[0.15]
[da62c67e-f6e1-41a1-95d8-dda9a5a482db],WORD,HANDWRITING,99.166,0.50708,0.85065,4,[0.00]
[50ffcd65-2cd7-436e-85b3-10866f00f2b6],WORD,PRINTED,80.305,0.50927,0.92903,4,[15]
[b6296610-120c-4e66-ba33-3c7b2c826d7f],WORD,PRINTED,97.787,0.54721,0.03790,4,[10]
[34c1c9d4-de4a-450c-a17e-bd359bb8756e],WORD,HANDWRITING,99.915,0.54255,0.09000,4,[0.00]
[e4c85980-f343-4969-9f67-3cd72566be6c],WORD,HANDWRITING,99.004,0.54048,0.16076,4,[0.5]
[6af9804f-9107-4e4f-b27e-64e8f9f2e637],WORD,HANDWRITING,15.956,0.53725,0.22739,4,[0.00 0.2]
[e387c048-63f5-4907-8849-bfd11e446509],WORD,HANDWRITING,90.720,0.53660,0.43296,4,[0.00]
[32f75f07-0b9d-415b-97c5-a023d29c9688],WORD,HANDWRITING,58.423,0.53614,0.50262,4,[0.000.00]
[36bbfede-ada6-4254-869f-3e1a91a04372],WORD,HANDWRITING,85.549,0.53504,0.64214,4,[0.00]
[086d4cb9-cbd4-4824-aa28-6aff18e0816b],WORD,HANDWRITING,96.589,0.53304,0.71346,4,[0.17]
[02971d2f-d91f-4686-8b30-7c6b2adb6c3e],WORD,HANDWRITING,37.559,0.53098,0.78206,4,[1.250.20]
[75c32ddc-85ea-41b1-8af3-6297b348ae2e],WORD,PRINTED,87.188,0.53446,0.92930,4,[16]
[39e60b87-9289-4143-8684-9564975dd42f],WORD,HANDWRITING,99.678,0.55790,0.64304,4,[0.00]
[3958327e-6d9a-42d8-8109-5cc1fb64fa7b],WORD,HANDWRITING,98.961,0.55818,0.71041,4,[0.00]
[664db813-2527-416a-be22-a40016edc07a],WORD,HANDWRITING,95.928,0.55627,0.77976,4,[0.9]
[4fe71ca0-b1b3-47e0-b3a2-5c5ccbe2c8f9],WORD,HANDWRITING,96.828,0.55508,0.84945,4,[0.00]
[73b43a16-c6a7-43c0-b96d-fd7e3e9c65a6],WORD,PRINTED,99.655,0.56935,0.03910,4,[17]
[f6588bdd-f7c5-4bfc-af1f-2be764e6db3f],WORD,HANDWRITING,98.867,0.56462,0.09058,4,[0.4]
[dc13d568-1f7a-47a7-a8bc-f74f019e9809],WORD,HANDWRITING,99.829,0.56324,0.16405,4,[0.92]
[1d941066-5e7f-4758-8c75-a06a805cd426],WORD,HANDWRITING,95.938,0.56087,0.22662,4,[0.00]
[89d8446e-8fd3-4468-82c6-020964a743f9],WORD,HANDWRITING,86.393,0.55880,0.50291,4,[0.250.00]
[5c116b2c-496a-446e-a8d4-baa0f5186010],WORD,PRINTED,99.678,0.55771,0.92986,4,[17]
[1a1fb0dd-b037-4fb9-9775-4717807ca810],WORD,PRINTED,99.606,0.59183,0.03956,4,[18]
[9e1edebc-0553-4446-835a-9c39385bf03b],WORD,HANDWRITING,83.448,0.58869,0.09265,4,[0.52]
[87cb1b48-1a36-46b9-ae36-23260d865f62],WORD,HANDWRITING,99.019,0.58790,0.16332,4,[0.2]
[b8fe25a0-6b4c-48d7-8ea7-05e4f73777f9],WORD,HANDWRITING,99.601,0.58580,0.22910,4,[0.25]
[bc6c29df-a5d6-4fa6-8e5b-0a80656dba33],WORD,HANDWRITING,95.232,0.58624,0.30469,4,[0.46]
[c700f650-1849-4ff0-b0a4-bbb242507459],WORD,HANDWRITING,91.626,0.58278,0.43876,4,[0.6]
[d90d41e2-9236-4529-b602-aac3aaeed077],WORD,HANDWRITING,93.777,0.58414,0.49949,4,[0.20]
[36c7ee71-0bb2-47a9-8a23-20a4009696da],WORD,HANDWRITING,99.881,0.58412,0.57385,4,[0.00]
[9d942143-e428-4264-9d69-bac525a4fe44],WORD,HANDWRITING,94.944,0.58317,0.64004,4,[0.29]
[c5c9a188-91ff-4aad-8b54-11fc7ca1ba3f],WORD,HANDWRITING,99.660,0.58191,0.71284,4,[0.10]
[77984093-179f-461c-b3fe-e28eeb71c9b6],WORD,HANDWRITING,99.092,0.58027,0.77999,4,[0.6]
[16c58ff6-db8a-4629-8e01-2b3357b80cf3],WORD,HANDWRITING,99.845,0.57938,0.84820,4,[0.00]
[644baa8e-eea0-462c-8435-afe5ac62e086],WORD,PRINTED,99.167,0.58152,0.93007,4,[18]
[540846b2-1c4c-41a3-a63e-8b14fd7febd1],WORD,PRINTED,97.477,0.61479,0.04019,4,[19]
[6586d6a5-bb39-4ea6-933f-04a3591c2c2b],WORD,HANDWRITING,99.942,0.61178,0.09561,4,[0.40]
[4fa0a8e6-59d7-4024-a17a-dfa40b397ead],WORD,HANDWRITING,99.824,0.60880,0.16544,4,[0.26]
[e544d401-de87-4c17-a541-c68547776dbe],WORD,HANDWRITING,99.868,0.61029,0.23129,4,[0.12]
[6054038c-06e5-41f3-8dfa-5c8a85bc8e34],WORD,HANDWRITING,99.757,0.60935,0.30032,4,[0.13]
[41df9514-00d8-4cd4-b899-a232c84e94d4],WORD,HANDWRITING,88.725,0.60965,0.36749,4,[0.00]
[20277649-67f7-454d-8557-88e2e06fee3d],WORD,HANDWRITING,63.723,0.60859,0.43789,4,[0.00]
[54555ad5-e49c-4567-bd67-30025f203158],WORD,HANDWRITING,87.583,0.60666,0.51752,4,[25]
[ec1a4e4c-17a7-4b3d-8162-84858e7d93e3],WORD,HANDWRITING,70.539,0.60629,0.57227,4,[0.73]
[7fbd169a-1502-4b33-bad4-3c24381b1b01],WORD,HANDWRITING,99.750,0.60668,0.64211,4,[0.00]
[b8a87a48-c94b-45a6-9d89-d33a0e93d128],WORD,HANDWRITING,99.610,0.60542,0.71056,4,[0.00]
[fd4055fb-4b46-443a-83af-42253f8a9fc7],WORD,HANDWRITING,97.724,0.60548,0.77981,4,[0.00]
[90acce86-d9dc-4277-9e16-50c5ae9cd82b],WORD,PRINTED,44.449,0.60334,0.84833,4,[0.80]
[38ffae44-f70a-488a-b36f-bad4db654021],WORD,PRINTED,98.176,0.60480,0.93045,4,[19]
[42c60d1a-bdc8-4f5b-9a3a-78b51474094f],WORD,HANDWRITING,95.984,0.63505,0.09532,4,[0.40]
[f642c226-6249-4d77-b0fa-8b9c083b0cfc],WORD,HANDWRITING,90.909,0.63376,0.16515,4,[0.3]
[1910a3db-606a-49a6-947d-568ea7e9f8b1],WORD,HANDWRITING,99.774,0.63427,0.23250,4,[0.00]
[71621075-cd2c-4d04-adae-f3c650b4ac56],WORD,HANDWRITING,92.336,0.63454,0.29848,4,[0.00]
[d4ee5af6-0199-4416-8c51-389caa2a3570],WORD,HANDWRITING,93.050,0.63244,0.36942,4,[0.49]
[d6033503-7210-45d2-9ba2-b1027fdc85a1],WORD,HANDWRITING,88.608,0.63217,0.57209,4,[0.00]
[dfc818a6-5cad-4843-96ff-c87b73c6c672],WORD,HANDWRITING,98.484,0.63089,0.64335,4,[0.24]
[675827f2-0a32-4407-b526-40e82ec4fa1f],WORD,HANDWRITING,92.204,0.63012,0.71311,4,[0.00]
[3c47584f-ff38-4252-ad8f-0c034eaecf91],WORD,HANDWRITING,89.437,0.62919,0.77669,4,[0.00]
[d58b02b3-2f74-422e-a40b-86fd27d01864],WORD,PRINTED,99.637,0.62835,0.85168,4,[0.00]
[f3c8c5f5-5247-480e-9aec-1487fe196f39],WORD,PRINTED,99.028,0.62993,0.92925,4,[20]
[3ae3db51-4f0b-4dc9-bd4e-a447d41cce98],WORD,PRINTED,96.218,0.63963,0.04171,4,[20]
[f45e06db-0e65-49e8-8162-24a8c9ccffb6],WORD,PRINTED,95.318,0.66337,0.04257,4,[21]
[8d6879c2-c42b-4b7c-ad01-eaeb14cbb282],WORD,HANDWRITING,98.040,0.65828,0.16224,4,[0.2]
[656e215d-9385-468c-b768-55bf8b875a96],WORD,HANDWRITING,99.803,0.65592,0.37059,4,[0.10]
[d3dbc38a-5fb2-46df-ace8-3ddbda6a98da],WORD,HANDWRITING,95.348,0.65650,0.43603,4,[0.00]
[eed0d2be-5c88-48be-9ccd-cb407ffc6f4b],WORD,HANDWRITING,98.991,0.65405,0.64160,4,[0.10]
[dbd01b8d-c69d-4076-95be-d3e9858b2592],WORD,HANDWRITING,91.579,0.65266,0.71129,4,[0.00]
[9833b9ea-09c8-4155-a40b-c35f3f7cb1b6],WORD,HANDWRITING,91.260,0.65309,0.78055,4,[0.00]
[9d029ceb-1f5b-4dde-9266-62a7fd136545],WORD,HANDWRITING,57.623,0.64951,0.83446,4,[0.25]
[916ee209-df52-4b04-9700-1d28aac132bf],WORD,PRINTED,99.512,0.65529,0.93023,4,[21]
[a59e0211-db90-47cb-b607-e7feb7bcdf4f],WORD,PRINTED,94.278,0.68768,0.04297,4,[22]
[c36fe17d-43fb-4036-8ad1-969266ad75f8],WORD,HANDWRITING,97.901,0.68146,0.09827,4,[0.50]
[0c632d06-e4db-4b46-979e-efab5adcba40],WORD,HANDWRITING,99.859,0.68145,0.16813,4,[0.00]
[8f82804e-5acf-498c-85ed-213cbad87773],WORD,HANDWRITING,85.620,0.68071,0.30391,4,[0.21]
[e8682399-9e87-4d12-90cb-def10b39c0bb],WORD,HANDWRITING,64.245,0.68071,0.39118,4,[00]
[4fc3e6ca-3153-424f-ac4c-37e017b8b9cb],WORD,HANDWRITING,96.925,0.67922,0.44080,4,[0.00]
[fbbdf549-4dea-45e5-95ff-d32390f7e578],WORD,HANDWRITING,96.662,0.67848,0.57671,4,[0.00]
[b63070d8-956c-44a9-8a21-283159d406ad],WORD,HANDWRITING,95.750,0.67730,0.64606,4,[0.4]
[27f5a0a1-cfd5-405b-9283-048bd97a5781],WORD,HANDWRITING,86.267,0.67680,0.71344,4,[0.00]
[ae89ca49-e73e-49bc-8b89-bd6ba1f08d3b],WORD,HANDWRITING,89.795,0.67497,0.85052,4,[0.00]
[72911618-1149-4206-8389-2976a0c2b922],WORD,PRINTED,99.549,0.68041,0.93085,4,[22]
[0ba9ff55-0d7f-48cb-9556-3996fbc720c4],WORD,PRINTED,99.367,0.71015,0.04502,4,[23]
[a710b61b-904c-44dc-ab8b-91cbdad604c9],WORD,HANDWRITING,94.217,0.70323,0.09890,4,[0.84]
[b65df5fd-b9d0-4374-a141-ab044b21f961],WORD,HANDWRITING,98.601,0.70425,0.16341,4,[0.00]
[f3fbbfa7-181b-438e-a7f2-574906265e72],WORD,HANDWRITING,98.882,0.70432,0.23533,4,[0.00]
[e8d62e17-e71b-4dff-bcc7-855696797eed],WORD,HANDWRITING,93.634,0.70452,0.30244,4,[0.00]
[462472f3-1551-4ac9-9f66-c7d17ed04687],WORD,HANDWRITING,97.290,0.70403,0.37498,4,[0.00]
[d4210be5-1de2-4071-a0d5-8ec875ea1826],WORD,HANDWRITING,98.292,0.70206,0.46029,4,[00]
[47509351-cd10-4dc5-be87-37281d4dd182],WORD,HANDWRITING,88.640,0.70271,0.50739,4,[0.00]
[53471303-f13a-4c7e-8bb9-6c2aadc16540],WORD,HANDWRITING,94.703,0.70179,0.57526,4,[0.10]
[fdc60cd8-11f5-4e1c-a585-454be18c5ff9],WORD,HANDWRITING,94.354,0.70115,0.64534,4,[0.5]
[7423424b-914d-47de-a537-3b773396b66b],WORD,HANDWRITING,86.115,0.70147,0.71183,4,[0.00]
[12b9abf6-c1d4-4087-8404-715365ab3de8],WORD,HANDWRITING,31.060,0.69777,0.77788,4,[0.9]
[f0bbd4de-e2aa-4252-b000-f309ef535520],WORD,HANDWRITING,99.632,0.69962,0.84913,4,[0.00]
[d89839bd-6433-449a-a051-257c6e705952],WORD,PRINTED,99.512,0.70270,0.93090,4,[23]
[9857f0d9-58a8-4b6c-ad5f-84d3b52ac9cc],WORD,PRINTED,88.758,0.73255,0.04557,4,[24]
[5f84ad2f-4051-4fac-a188-89e00430739f],WORD,HANDWRITING,99.428,0.72850,0.09786,4,[0.9]
[4328ad3d-b3c5-41f6-b77d-f7e802cdeb0d],WORD,HANDWRITING,99.725,0.72623,0.16671,4,[0.00]
[22a0fcea-4285-43f1-bc2e-a8f7c38bc06a],WORD,HANDWRITING,83.379,0.72668,0.23870,4,[0.38]
[90133506-9791-4b4e-beef-79ddf382ed53],WORD,HANDWRITING,99.468,0.72522,0.30424,4,[0.22]
[ffb04e55-bb57-4239-a078-8e41d647b92e],WORD,HANDWRITING,92.718,0.72516,0.37431,4,[0.00]
[86b83c1e-296a-4ebc-bdc5-138cb93adaa0],WORD,PRINTED,93.172,0.72445,0.44008,4,[0.00]
[2bf5f647-79f0-440b-bb0c-4e9ecf21f65f],WORD,HANDWRITING,87.411,0.72416,0.57043,4,[0.00]
[e3f4fa23-a1b0-4f95-a99d-cd5840acc551],WORD,PRINTED,89.791,0.72304,0.64287,4,[0.45]
[0d22e408-02eb-4c53-9887-51beb78cbe24],WORD,HANDWRITING,88.321,0.72308,0.71349,4,[0.00]
[8a4d000c-2a67-4d99-b350-2e8b230bc79e],WORD,HANDWRITING,93.327,0.72228,0.78075,4,[0.19]
[c31f173e-f3d4-4162-be75-1b11b15b3a37],WORD,HANDWRITING,56.760,0.72136,0.84889,4,[0.34]
[d0e551e0-c518-4da8-9724-aa2295c82048],WORD,PRINTED,99.486,0.72541,0.93035,4,[24]
[29da4382-67bd-4f74-9427-eec991046e9c],WORD,PRINTED,99.811,0.75455,0.04659,4,[25]
[5b82f452-daf3-4ef0-b1dc-1ff068c27f8e],WORD,HANDWRITING,98.607,0.74837,0.09928,4,[0.27]
[31b4b3c0-b583-413d-9450-125cbbdbb3f9],WORD,HANDWRITING,99.771,0.74474,0.16930,4,[0.00]
[1f03b323-70b4-4004-a78b-91e967604029],WORD,HANDWRITING,75.844,0.74768,0.23361,4,[123]
[6ca1f98c-05d0-4046-8b09-391405dd1f46],WORD,HANDWRITING,99.894,0.74748,0.30409,4,[0.14]
[f8884930-e82e-4feb-aa11-715fa006ab08],WORD,HANDWRITING,96.860,0.74625,0.37571,4,[0.00]
[e4141391-049a-4265-a547-7e4cc53f038c],WORD,PRINTED,99.758,0.74831,0.44528,4,[0.00]
[c3c6c3d6-2172-4690-893f-8ba9bca2f7a0],WORD,PRINTED,97.805,0.74664,0.50699,4,[0.00]
[1ef5c15f-3714-4e2e-80df-b5a03286c754],WORD,PRINTED,97.363,0.74624,0.57750,4,[0.00]
[977d26d0-52d8-4cd1-85a3-c5a46aa1f8d3],WORD,PRINTED,53.222,0.74744,0.64623,4,[aoo]
[438426a8-6e1d-42fc-945e-3e8b235582c1],WORD,HANDWRITING,99.675,0.74631,0.71410,4,[0.00]
[2f3944d4-dd8e-408d-8083-161270034307],WORD,PRINTED,97.981,0.74450,0.78473,4,[0.11]
[909e12ea-f565-4f8a-998a-5a9d3d488103],WORD,PRINTED,97.441,0.74462,0.84933,4,[0.00]
[d9975ec6-f68d-4fa5-9710-d4f4a756ebe0],WORD,PRINTED,85.141,0.74771,0.93095,4,[25]
[617bde78-0c10-464d-860e-57ac81612d41],WORD,PRINTED,67.433,0.77696,0.04849,4,[20]
[8517bcbf-d262-4b8d-8608-8206ed995b9b],WORD,HANDWRITING,83.065,0.77176,0.10364,4,[0.49]
[d921a298-ed6d-4f5e-b893-6cf5119a721a],WORD,HANDWRITING,93.797,0.77148,0.17064,4,[0.00]
[a96f7af8-60b2-45cf-a16d-33999041e07a],WORD,HANDWRITING,80.653,0.77319,0.24213,4,[0.00]
[856b9fde-9e5a-4ca6-bf0b-a072888cb798],WORD,HANDWRITING,99.635,0.77175,0.30570,4,[0.9]
[4fb408db-7072-46bc-9425-93a7055df6c5],WORD,HANDWRITING,99.775,0.77111,0.37849,4,[0.14]
[cd3e4802-b342-4f51-9949-eba33c8920ce],WORD,HANDWRITING,99.231,0.77157,0.44334,4,[0.59]
[39cf87dd-46d5-4a27-8fd7-68e039068ceb],WORD,HANDWRITING,97.339,0.77170,0.50880,4,[0.00]
[3a8cd3ca-64cf-4c0f-94f7-5bac2dead857],WORD,PRINTED,99.010,0.76979,0.57910,4,[0.16]
[0f28370e-8f42-4c9b-b42e-9b35e6ae7165],WORD,HANDWRITING,99.014,0.77032,0.71681,4,[0.00]
[962e13e5-130d-4ddc-a494-02a20c4cf295],WORD,HANDWRITING,80.521,0.76663,0.78309,4,[0.000.78]
[f3e84f64-c806-49f2-8951-78bc52d5b4bf],WORD,PRINTED,75.130,0.77013,0.93114,4,[20]
[294cffbf-3b1d-4e99-b77f-4aacf2cdf187],WORD,PRINTED,99.760,0.79904,0.05153,4,[27]
[828fb94e-5cb7-4ca2-aee3-42a8db939ca1],WORD,HANDWRITING,99.372,0.79446,0.10274,4,[0.42]
[3b4b73ae-26d5-40e0-b6cd-2203e9314ee6],WORD,PRINTED,99.430,0.79354,0.17449,4,[0.00]
[cbbeda90-a52c-4b5a-94ac-8d54c3b1cec1],WORD,HANDWRITING,97.995,0.79632,0.24237,4,[0.00]
[1a8a4171-b5a1-4c8e-9cda-eddb8e00cd84],WORD,HANDWRITING,99.851,0.79329,0.30731,4,[0.24]
[70f97a8b-4ebd-4be5-b313-09ae256f63b0],WORD,HANDWRITING,98.742,0.79578,0.37689,4,[0.00]
[08e2367f-1215-4e9f-ae9c-2459bc24653b],WORD,HANDWRITING,98.906,0.79424,0.44501,4,[0.2]
[c544b465-cf20-449c-8a17-0b7317501b5b],WORD,HANDWRITING,98.843,0.79378,0.51055,4,[0.10]
[b2504760-c3c7-421c-95d8-a0277d32de94],WORD,PRINTED,73.268,0.79174,0.57828,4,[0.35]
[3d0e9a04-f7f5-4e22-985d-0149ccecd1af],WORD,PRINTED,97.507,0.79380,0.64618,4,[0.00]
[4a482d87-5924-4a0c-b4dc-b201e96a612a],WORD,HANDWRITING,76.057,0.79354,0.71788,4,[0.7]
[a16f508a-f974-4516-960a-eab5ed3e8ac4],WORD,HANDWRITING,74.117,0.79077,0.78213,4,[0.000.3]
[2d660dfe-8ce8-41f4-ba78-18d4e104b047],WORD,PRINTED,99.148,0.79261,0.93180,4,[27]
[20cecb6c-d383-432e-b839-7fa74232770b],WORD,PRINTED,99.056,0.82228,0.05213,4,[28]
[09f107b8-9b79-4b48-99fe-0f0baa2171f3],WORD,HANDWRITING,99.705,0.81810,0.10358,4,[0.72]
[8ea1810d-e4c5-4428-837c-bf474552ab2e],WORD,PRINTED,99.933,0.81864,0.17743,4,[0.00]
[c3aca344-633e-4b65-a7a5-a894ee2f0245],WORD,HANDWRITING,98.321,0.81748,0.24152,4,[0.7]
[ea42d391-8d1f-41ae-a852-4aa024c4da1f],WORD,HANDWRITING,98.068,0.81576,0.30718,4,[0.5]
[af395f86-c07f-4bb2-9e86-cd9e2212ea0a],WORD,HANDWRITING,99.839,0.81626,0.37936,4,[0.00]
[dca5f73f-393b-40d0-805f-9eb7267fb37c],WORD,PRINTED,99.675,0.81585,0.44474,4,[0.00]
[49a6c102-198d-4355-b29f-a614ba8d2cf8],WORD,HANDWRITING,99.655,0.81511,0.51150,4,[0.18]
[48d74d50-dd3b-4519-b63f-2c53e80d3ddb],WORD,PRINTED,99.611,0.81590,0.57941,4,[0.15]
[364bd6c0-eb8d-438b-9dab-941de57e7688],WORD,PRINTED,98.825,0.81447,0.64795,4,[0.00]
[7c29dc8c-42f2-4987-8078-7a0f1b6f8097],WORD,HANDWRITING,95.866,0.81399,0.71452,4,[0.2]
[48206196-c28f-45da-ba92-9766b58d50c3],WORD,HANDWRITING,99.600,0.81521,0.78406,4,[0.00]
[3d518550-43db-41e3-ad69-eed0823a67f2],WORD,HANDWRITING,99.660,0.81482,0.85385,4,[0.00]
[3571996c-c619-4226-b3d8-2be6c8602dc8],WORD,PRINTED,98.774,0.81754,0.93191,4,[28]
[7c758b59-5cee-425b-a32f-ad69c90c7ccc],WORD,PRINTED,75.694,0.84413,0.05355,4,[29]
[469a745e-debe-4fb5-8e02-f069f6d1474a],WORD,HANDWRITING,94.319,0.83995,0.10662,4,[0.33]
[092bd08a-4812-4632-99b6-6561528cf76d],WORD,HANDWRITING,61.098,0.84123,0.24144,4,[0.00]
[14e77e81-cc20-4e7f-9884-937d28d37d81],WORD,HANDWRITING,99.827,0.83896,0.31017,4,[0.4]
[02b8b6bc-9d1c-4396-a3c1-0ab09c06b5a9],WORD,HANDWRITING,99.718,0.83939,0.38001,4,[0.00]
[813130ba-c3a7-455b-a115-e324d48f862a],WORD,HANDWRITING,99.550,0.83955,0.44459,4,[0.25]
[6e83565d-6098-4d64-8f46-f61ce5c8e00e],WORD,HANDWRITING,98.328,0.83924,0.50870,4,[0.00]
[54ec2632-7044-45f9-9018-513b31ef5200],WORD,PRINTED,99.905,0.83848,0.58198,4,[0.00]
[defe87e4-8d73-46cb-a8f0-4890c6bd7200],WORD,PRINTED,99.444,0.83793,0.64551,4,[0.00]
[cb0a6c13-6aad-4468-80a4-c4cb38932c73],WORD,HANDWRITING,99.580,0.83749,0.71668,4,[0.12]
[9d25a1a3-ff42-4bd5-891d-462f7fc8b25d],WORD,HANDWRITING,23.307,0.83701,0.78581,4,[0000.00]
[199ed133-b5c1-4f0e-b15e-006fc0462cb8],WORD,PRINTED,96.322,0.83937,0.93296,4,[29]
[1682e430-ca5c-44f5-b71f-163e6e18b4da],WORD,PRINTED,96.713,0.86754,0.05461,4,[30]
[ee57348d-018d-4368-a8f9-6d8c17b14f9d],WORD,HANDWRITING,99.886,0.86369,0.10842,4,[0.00]
[507d107d-0954-44df-9e99-26e37bbfbca2],WORD,HANDWRITING,96.845,0.86267,0.24267,4,[000]
[24a5b00c-7ae8-4b25-883f-d01786c8f642],WORD,HANDWRITING,98.481,0.86198,0.31071,4,[0.00]
[22aebcd8-c54a-4d9d-906b-5eedf7983011],WORD,HANDWRITING,87.906,0.86211,0.38063,4,[0.00]
[88d46fb9-ce01-4a5d-90be-1cedc6254be2],WORD,HANDWRITING,54.533,0.86142,0.44514,4,[0.90]
[05a99755-3623-471d-a959-cdbba2344d8f],WORD,HANDWRITING,64.117,0.86193,0.51213,4,[0.3]
[7bf2caea-53db-4be7-8bfe-18eb9b3c259d],WORD,HANDWRITING,99.787,0.86153,0.58042,4,[0.00]
[d0708493-6a8b-47f9-9902-ce196c5ef2b9],WORD,HANDWRITING,99.896,0.86050,0.64895,4,[0.00]
[06af5489-ab10-4df9-83ec-dec141429642],WORD,PRINTED,99.878,0.86170,0.71822,4,[0.00]
[83a3f0ed-d60e-45a0-b000-ea4dbf53f1af],WORD,HANDWRITING,84.894,0.85953,0.78801,4,[0.000.00]
[aee894da-6dd9-4057-b3c2-e138a1058845],WORD,PRINTED,99.250,0.86409,0.93311,4,[30]
[e485f329-7de6-4c1e-b326-79b94c138fdd],WORD,PRINTED,98.030,0.88974,0.05575,4,[31]
[d1d8c883-db27-47a5-8dc0-6f36fdb20f33],WORD,HANDWRITING,97.950,0.88921,0.10815,4,[0.00]
[459dc1b2-f7d8-48d1-ae1c-e05b4e37000c],WORD,HANDWRITING,97.908,0.89076,0.24743,4,[0.00]
[b3072245-2aec-4564-bd18-c64a55b448d0],WORD,HANDWRITING,89.939,0.88696,0.38271,4,[0.00]
[b7afeba9-8ddb-46f2-8075-f2621672cbd3],WORD,HANDWRITING,99.401,0.88715,0.51134,4,[0.4]
[39f0b2c2-3bb5-433b-bd47-07f4a32332cd],WORD,HANDWRITING,99.792,0.88792,0.58318,4,[0.00]
[3571ac45-96df-44ea-8e13-5ccd7bfee875],WORD,HANDWRITING,99.749,0.88708,0.71993,4,[0.00]
[5f866558-bee0-4233-b7d1-344322470022],WORD,HANDWRITING,99.274,0.88787,0.85051,4,[0.00]
[b4a62c8d-9587-4f2c-8cd0-efaad8ec79e0],WORD,PRINTED,98.088,0.88575,0.93214,4,[31]
[ffc7c6aa-2bfd-4616-9842-f5e4ad23e20c],WORD,PRINTED,99.075,0.91075,0.04327,4,[Totals]
[20a1bc22-f674-4cfc-9023-9bc1f67098d0],WORD,PRINTED,19.599,0.91059,0.10788,4,[6.79/159]
[979caba2-1bd7-477d-848b-b98aab0df6a9],WORD,HANDWRITING,98.477,0.91202,0.24613,4,[1.41]
[80015244-ac51-4f24-abfb-af69b5bd412a],WORD,HANDWRITING,91.863,0.91002,0.31481,4,[2.46]
[26bc9039-7615-44f8-a141-6e4d0096c68e],WORD,PRINTED,92.314,0.91239,0.45089,4,[2.10]
[0ab3be64-79e7-43b5-852d-f961e1e2abf2],WORD,HANDWRITING,75.175,0.91136,0.51523,4,[2.52]
[44d8a539-83d3-4db5-b1c2-98301a2136f8],WORD,HANDWRITING,89.259,0.91130,0.58832,4,[3.25]
[6ff6f09b-de4a-497a-915c-55ca85c1f8f8],WORD,HANDWRITING,98.398,0.91224,0.65271,4,[1.14]
[eb10c51a-0082-43f3-b101-6eddbbc72c65],WORD,PRINTED,96.247,0.91240,0.71950,4,[0.48]
[fed2f339-e580-423e-a9f2-f27bb6cb08bd],WORD,HANDWRITING,97.059,0.91251,0.79082,4,[3.37]
[a288b4b7-1e6e-4101-a0f9-09d1705f4a0a],WORD,HANDWRITING,94.292,0.91261,0.85431,4,[4.41]
[47f605f2-e9a8-4216-9ba9-945b14742cd9],WORD,PRINTED,99.572,0.93656,0.03487,4,[Total]
[d0538a4a-1ee7-4252-bd1f-48ffed8fa8c9],WORD,PRINTED,66.883,0.93655,0.06951,4,[from]
[4f9fc3ad-67f6-41d8-9cf2-b815cd2c8974],WORD,PRINTED,96.798,0.94485,0.04697,4,[Jan.]
[88a8137c-54f9-483d-a73a-0fead7666cb9],WORD,PRINTED,74.364,0.93707,0.11312,4,[31.25]
[21309123-6770-4523-a31a-907d78837213],WORD,PRINTED,19.704,0.96769,0.03266,4,[EXPERIENCE]
[e3fc1306-3fc2-487e-987d-cc85408d4853],WORD,PRINTED,37.418,0.96476,0.36189,4,[EDWARD]
[3fbe6d29-24ca-404d-abe8-a22b33d08384],WORD,PRINTED,52.435,0.96531,0.41845,4,[STATFORD]
[61ce7b45-dc98-4a88-968a-6d64b66c18d1],WORD,PRINTED,23.088,0.96556,0.48721,4,[Creative]
[93816328-48e7-4a4f-9402-71240ccf7df6],WORD,PRINTED,22.438,0.96545,0.53580,4,[Chest]
[43dd23e5-c3cb-4e7d-8e40-9386c117c7cf],WORD,PRINTED,21.166,0.96554,0.57076,4,[N/W]
[52e7d1a2-c118-4abb-aba9-39a9779d29b4],WORD,PRINTED,95.625,0.96640,0.85783,4,[PRICE]
[516f6d38-3e3c-45f9-9bdd-73aa0a5e5ee8],WORD,PRINTED,24.433,0.96641,0.89465,4,[if]
